timestamp,temperature,humidity,CO2CosIRValue,CO2MG811Value,MOX1,MOX2,MOX3,MOX4,COValue,anomaly,threshold_warning,threshold_danger,flag_warning,flag_danger,critical_alert
2020-01-25 00:00:00+01:00,20.4202857142857,56.0592571428572,121.702857142857,495.708571428571,523.822857142857,695.771428571429,653.485714285714,593.382857142857,131.342857142857,0,9,35,True,True,False
2020-01-25 01:00:00+01:00,19.5649444444444,51.4538333333333,95.8666666666667,500.422222222222,540.333333333333,715.75,675.511111111111,617.005555555556,121.2,0,9,35,True,True,False
2020-01-25 02:00:00+01:00,18.7983888888889,49.2587777777778,65.7944444444445,507.422222222222,564.072222222222,741.138888888889,705.022222222222,653.416666666667,103.733333333333,0,9,35,True,True,False
2020-01-25 03:00:00+01:00,18.4698888888889,48.5458333333333,61.8166666666667,508.922222222222,572.755555555556,749.822222222222,715.377777777778,665.538888888889,93.7055555555556,0,9,35,True,True,False
2020-01-25 04:00:00+01:00,18.0355555555556,48.6369444444444,61.9833333333333,509.244444444444,577.661111111111,753.855555555556,720.383333333333,670.338888888889,90.5222222222222,0,9,35,True,True,False
2020-01-25 05:00:00+01:00,17.8617777777778,48.1079444444445,61.6833333333333,509.644444444444,581.633333333333,757.983333333333,725,677.827777777778,87.6388888888889,0,9,35,True,True,False
2020-01-25 06:00:00+01:00,17.5772777777778,47.7893888888889,62.2166666666667,509.705555555556,584.85,761.316666666667,728.633333333333,683.1,86.1944444444444,0,9,35,True,True,False
2020-01-25 07:00:00+01:00,17.3210555555556,47.2611666666667,62.2055555555556,509.727777777778,587.944444444445,764.45,732.322222222222,687.622222222222,85.1055555555556,0,9,35,True,True,False
2020-01-25 08:00:00+01:00,16.9731666666667,47.8025555555556,60.8777777777778,510.338888888889,591.1,764.455555555556,732.238888888889,688.316666666667,83.4722222222222,0,9,35,True,True,False
2020-01-25 09:00:00+01:00,16.7242222222222,48.5143333333333,61.45,510.85,593.616666666667,762.95,730.872222222222,686.5,83.6277777777778,0,9,35,True,True,False
2020-01-25 10:00:00+01:00,16.4516666666667,49.8447777777778,60.6388888888889,511.155555555556,596.094444444444,761.761111111111,729.816666666667,684.472222222222,83.2722222222222,0,9,35,True,True,False
2020-01-25 11:00:00+01:00,16.2752222222222,51.4494444444444,61.7944444444444,510.838888888889,596.405555555556,757.205555555556,725.011111111111,676.883333333333,85.8888888888889,0,9,35,True,True,False
2020-01-25 12:00:00+01:00,16.0836111111111,52.8005,61.3833333333333,510.483333333333,596.477777777778,753.383333333333,720.611111111111,670.288888888889,94.7611111111111,0,9,35,True,True,False
2020-01-25 13:00:00+01:00,16.0891111111111,53.761,61.7833333333333,510.811111111111,590.827777777778,747.588888888889,714.811111111111,661.516666666667,97.3388888888889,0,9,35,True,True,False
2020-01-25 14:00:00+01:00,16.1043333333333,55.2023333333333,61.2444444444445,510.105555555556,584.516666666667,737.155555555556,704.161111111111,645.305555555556,107.455555555556,0,9,35,True,True,False
2020-01-25 15:00:00+01:00,16.0651666666667,56.3931666666667,61.4888888888889,509.644444444444,586.85,733.866666666667,701.261111111111,639.283333333333,115.505555555556,0,9,35,True,True,False
2020-01-25 16:00:00+01:00,15.9523333333333,57.5385555555556,61,509.533333333333,587.511111111111,734.172222222222,701.538888888889,640.022222222222,114.227777777778,0,9,35,True,True,False
2020-01-25 17:00:00+01:00,15.9131666666667,58.1942222222222,61.2666666666667,510.483333333333,590.011111111111,741.5,709.094444444444,652.433333333333,100.655555555556,0,9,35,True,True,False
2020-01-25 18:00:00+01:00,15.7764444444444,58.3501111111111,63.8222222222222,510.294444444444,593.944444444445,742.822222222222,710.388888888889,653.516666666667,98.5388888888889,0,9,35,True,True,False
2020-01-25 19:00:00+01:00,15.6096111111111,58.2545555555556,66.2333333333333,510.033333333333,595.655555555556,744.938888888889,712.388888888889,655.911111111111,96.6777777777778,0,9,35,True,True,False
2020-01-25 20:00:00+01:00,15.4561111111111,58.0301111111111,68.3611111111111,509.394444444444,594.05,744.072222222222,711.022222222222,654.35,100.811111111111,0,9,35,True,True,False
2020-01-25 21:00:00+01:00,15.5961111111111,57.8450555555556,73.3222222222222,507.644444444444,588.433333333333,740.455555555556,706.183333333333,649.411111111111,105.322222222222,0,9,35,True,True,False
2020-01-25 22:00:00+01:00,15.85144,57.1048,72.808,508.064,585.168,740.984,706.384,651.744,105.04,0,9,35,True,True,False
2020-01-25 23:00:00+01:00,15.7936305732484,57.4766242038217,72.3949044585987,508.414012738854,583.687898089172,741.942675159236,706.286624203822,653.898089171975,105.382165605096,0,9,35,True,True,False
2020-01-26 00:00:00+01:00,15.7096666666667,57.9627777777778,71.7722222222222,508.516666666667,583.211111111111,742.677777777778,706.561111111111,655.688888888889,105.35,0,9,35,True,True,False
2020-01-26 01:00:00+01:00,15.6931111111111,58.1248333333333,72.0611111111111,508.833333333333,582.738888888889,743.811111111111,707.166666666667,657.8,105.072222222222,0,9,35,True,True,False
2020-01-26 02:00:00+01:00,15.6655487804878,58.2751829268293,71.5853658536585,508.841463414634,581.798780487805,744.530487804878,707.701219512195,659.829268292683,104.426829268293,0,9,35,True,True,False
2020-01-26 03:00:00+01:00,15.4834502923977,58.7830409356725,72.3684210526316,508.590643274854,581.520467836257,745.578947368421,708.543859649123,661.549707602339,103.877192982456,0,9,35,True,True,False
2020-01-26 04:00:00+01:00,15.3607222222222,59.1194444444445,72.2166666666667,508.688888888889,581.361111111111,746.688888888889,709.533333333333,663.361111111111,102.783333333333,0,9,35,True,True,False
2020-01-26 05:00:00+01:00,15.5270555555556,58.502,71.9833333333333,508.661111111111,581.483333333333,748.355555555556,710.788888888889,666.194444444445,101.45,0,9,35,True,True,False
2020-01-26 06:00:00+01:00,15.3259259259259,58.8763580246914,71.0246913580247,508.888888888889,582.191358024691,749.320987654321,711.851851851852,668.141975308642,100,0,9,35,True,True,False
2020-01-26 07:00:00+01:00,15.3846511627907,58.483488372093,71.0348837209302,508.976744186047,582.06976744186,750.697674418605,713.244186046512,670.197674418605,98.2441860465116,0,9,35,True,True,False
2020-01-26 08:00:00+01:00,15.233202247191,58.727191011236,71.4943820224719,509.140449438202,582.443820224719,751.337078651685,714.044943820225,671.303370786517,97.3707865168539,0,9,35,True,True,False
2020-01-26 09:00:00+01:00,15.1236666666667,58.9129444444444,70.9055555555556,509.066666666667,582.85,751.355555555556,714.061111111111,671.75,96.7888888888889,0,9,35,True,True,False
2020-01-26 10:00:00+01:00,15.0864444444444,59.0791666666667,70.7166666666667,509.266666666667,582.933333333333,750.972222222222,713.261111111111,671.644444444444,95.8055555555556,0,9,35,True,True,False
2020-01-26 11:00:00+01:00,15.0996575342466,59.1412328767123,70.8013698630137,509.315068493151,582.582191780822,750.924657534247,712.705479452055,671.397260273973,95.7739726027397,0,9,35,True,True,False
2020-01-26 12:00:00+01:00,15.2940540540541,59.7501351351351,80.6148648648649,506.716216216216,577.831081081081,744.952702702703,706.195945945946,663.52027027027,96.9864864864865,0,9,35,True,True,False
2020-01-26 13:00:00+01:00,16.7115,60.1721111111111,127.116666666667,497.255555555556,562.877777777778,725.444444444445,684.827777777778,638.616666666667,101.544444444444,0,9,35,True,True,False
2020-01-26 14:00:00+01:00,17.3168333333333,59.263,112.394444444444,499.972222222222,562.166666666667,725.75,685.088888888889,637.944444444445,100.216666666667,0,9,35,True,True,False
2020-01-26 15:00:00+01:00,17.6441666666667,59.3906666666667,100.533333333333,501.716666666667,559.094444444444,725.494444444444,684.933333333333,637.305555555556,100.4,0,9,35,True,True,False
2020-01-26 16:00:00+01:00,18.0982222222222,59.1467222222222,94.9222222222222,502.8,556.7,725.6,684.833333333333,637.322222222222,100.238888888889,0,9,35,True,True,False
2020-01-26 17:00:00+01:00,19.2120555555556,57.5485,92.5055555555556,503,550.75,721.388888888889,680.727777777778,630.95,100.755555555556,0,9,35,True,True,False
2020-01-26 18:00:00+01:00,19.3666111111111,58.1247222222222,97.7388888888889,501.444444444444,541.538888888889,702.072222222222,661.972222222222,602.566666666667,104.111111111111,0,9,35,True,True,False
2020-01-26 19:00:00+01:00,19.1416111111111,58.5863888888889,93.2055555555556,501.744444444444,533.233333333333,687.905555555556,647.405555555556,583.433333333333,120.566666666667,0,9,35,True,True,False
2020-01-26 20:00:00+01:00,19.2346111111111,58.321,88.2388888888889,502.183333333333,531.822222222222,693.3,652.977777777778,591.044444444445,121.744444444444,0,9,35,True,True,False
2020-01-26 21:00:00+01:00,19.3866666666667,57.8702222222222,84.5833333333333,502.716666666667,532.438888888889,698.433333333333,657.755555555556,597.727777777778,119.705555555556,0,9,35,True,True,False
2020-01-26 22:00:00+01:00,19.5398333333333,57.3216666666667,82.1611111111111,503.127777777778,533.833333333333,703.633333333333,663.25,605.594444444444,117.605555555556,0,9,35,True,True,False
2020-01-26 23:00:00+01:00,19.6808888888889,56.9617222222222,80.4333333333333,503.588888888889,533.35,707.172222222222,666.255555555556,610.211111111111,116.05,0,9,35,True,True,False
2020-01-27 00:00:00+01:00,19.6686666666667,56.8472222222222,78.5055555555556,503.872222222222,536.694444444445,711.588888888889,671.011111111111,616.844444444444,114.211111111111,0,9,35,True,True,False
2020-01-27 01:00:00+01:00,19.7606666666667,56.3086666666667,76.8277777777778,504.127777777778,539.05,716.794444444445,676.366666666667,624.038888888889,111.877777777778,0,9,35,True,True,False
2020-01-27 02:00:00+01:00,19.7245555555556,56.0680555555556,75.6,504.638888888889,542.188888888889,720.683333333333,680.294444444445,629.277777777778,108.983333333333,0,9,35,True,True,False
2020-01-27 03:00:00+01:00,19.8330555555556,55.4326666666667,74.5666666666667,504.833333333333,542.466666666667,723.544444444445,683.105555555556,633.622222222222,106.727777777778,0,9,35,True,True,False
2020-01-27 04:00:00+01:00,19.7700555555556,55.2780555555556,74.1166666666667,505.105555555556,543.688888888889,725.983333333333,685.65,637.027777777778,105.85,0,9,35,True,True,False
2020-01-27 05:00:00+01:00,19.8817777777778,54.5723888888889,72.6888888888889,505.411111111111,544.238888888889,728.116666666667,687.738888888889,639.844444444444,104.561111111111,0,9,35,True,True,False
2020-01-27 06:00:00+01:00,19.9103333333333,54.1618888888889,71.6222222222222,505.311111111111,544.633333333333,729.805555555556,689.511111111111,642.027777777778,103.688888888889,0,9,35,True,True,False
2020-01-27 07:00:00+01:00,19.8718333333333,53.9043333333333,70.95,505.755555555556,545.133333333333,729.927777777778,689.65,642.405555555556,102.694444444444,0,9,35,True,True,False
2020-01-27 08:00:00+01:00,19.8398333333333,53.7012222222222,70.5222222222222,505.788888888889,546.377777777778,731.138888888889,691.111111111111,643.288888888889,103.827777777778,0,9,35,True,True,False
2020-01-27 09:00:00+01:00,19.8020555555556,53.4964444444445,69.8777777777778,505.766666666667,546.488888888889,731.038888888889,691.133333333333,642.816666666667,104.861111111111,0,9,35,True,True,False
2020-01-27 10:00:00+01:00,19.8136111111111,53.8167222222222,69.4055555555556,505.855555555556,546.883333333333,730.477777777778,690.777777777778,642.338888888889,104.938888888889,0,9,35,True,True,False
2020-01-27 11:00:00+01:00,19.9102222222222,54.2792777777778,69.0166666666667,505.977777777778,545.633333333333,729.738888888889,689.944444444445,641.844444444444,104.083333333333,0,9,35,True,True,False
2020-01-27 12:00:00+01:00,19.8823333333333,54.8098888888889,68.0611111111111,506.077777777778,544.611111111111,729.527777777778,689.644444444444,641.755555555556,103.544444444444,0,9,35,True,True,False
2020-01-27 13:00:00+01:00,19.9550555555556,54.9266111111111,68.7111111111111,506.166666666667,544.05,728.255555555556,688.222222222222,640.505555555556,102.627777777778,0,9,35,True,True,False
2020-01-27 14:00:00+01:00,19.8645555555556,55.2681666666667,68.0166666666667,506.105555555556,543.494444444444,728.277777777778,688.172222222222,640.522222222222,101.65,0,9,35,True,True,False
2020-01-27 15:00:00+01:00,20.0006111111111,55.0993888888889,68.1388888888889,506.277777777778,543.45,727.361111111111,687.344444444444,639.35,101.3,0,9,35,True,True,False
2020-01-27 16:00:00+01:00,19.9667777777778,55.3315555555556,68.5166666666667,506.1,543.266666666667,726.033333333333,686.1,637.194444444445,100.65,0,9,35,True,True,False
2020-01-27 17:00:00+01:00,20.0192777777778,55.2902222222222,67.5833333333333,506.077777777778,543.111111111111,725.388888888889,685.311111111111,636.7,100.038888888889,0,9,35,True,True,False
2020-01-27 18:00:00+01:00,20.0667777777778,55.269,67.8055555555556,506.044444444444,542.788888888889,724.105555555556,683.944444444445,634.433333333333,100.072222222222,0,9,35,True,True,False
2020-01-27 19:00:00+01:00,19.9785,55.5061111111111,68.0666666666667,506.022222222222,542.588888888889,724.016666666667,683.955555555556,634.705555555556,100.094444444444,0,9,35,True,True,False
2020-01-27 20:00:00+01:00,20.0726111111111,55.2460555555556,68.2611111111111,505.955555555556,542.705555555556,722.927777777778,683.016666666667,632.616666666667,100.294444444444,0,9,35,True,True,False
2020-01-27 21:00:00+01:00,20.0076666666667,55.4259444444445,68.5722222222222,505.883333333333,542.044444444445,722.572222222222,682.494444444444,632.138888888889,100.744444444444,0,9,35,True,True,False
2020-01-27 22:00:00+01:00,20.0588333333333,55.2651111111111,68.4888888888889,505.6,540.972222222222,720.3,680.427777777778,628.538888888889,103.45,0,9,35,True,True,False
2020-01-27 23:00:00+01:00,20.0233888888889,55.1708333333333,68.6833333333333,505.355555555556,541.066666666667,718.85,678.977777777778,626.127777777778,105.755555555556,0,9,35,True,True,False
2020-01-28 00:00:00+01:00,19.9986666666667,54.9933333333333,68.9277777777778,505.072222222222,541.444444444445,717.922222222222,677.911111111111,623.711111111111,106.255555555556,0,9,35,True,True,False
2020-01-28 01:00:00+01:00,19.991,54.8701666666667,68.8277777777778,505.483333333333,541.227777777778,719.061111111111,679.388888888889,626.322222222222,105.222222222222,0,9,35,True,True,False
2020-01-28 02:00:00+01:00,19.9395,54.8799444444444,68.5555555555556,505.311111111111,542.255555555556,720.1,680.372222222222,627.6,104.522222222222,0,9,35,True,True,False
2020-01-28 03:00:00+01:00,19.9616111111111,54.6840555555556,68.05,505.677777777778,542.555555555556,721.527777777778,681.666666666667,630.316666666667,103.338888888889,0,9,35,True,True,False
2020-01-28 04:00:00+01:00,19.9511666666667,54.9488333333333,67.0444444444445,505.35,542.944444444445,722.466666666667,682.755555555556,631.627777777778,101.7,0,9,35,True,True,False
2020-01-28 05:00:00+01:00,19.9515555555556,54.96,67.1777777777778,505.522222222222,542.65,722.383333333333,682.427777777778,631.827777777778,100.961111111111,0,9,35,True,True,False
2020-01-28 06:00:00+01:00,19.9455555555556,54.819,66.7777777777778,505.7,543.555555555556,723.777777777778,684.138888888889,634.05,100.238888888889,0,9,35,True,True,False
2020-01-28 07:00:00+01:00,19.9326666666667,54.6922777777778,66.6944444444444,505.494444444444,543.222222222222,723.605555555556,684.25,634.016666666667,100.061111111111,0,9,35,True,True,False
2020-01-28 08:00:00+01:00,19.9540555555556,54.5898888888889,66.2,505.283333333333,542.65,723.972222222222,684.244444444444,633.944444444445,102.155555555556,0,9,35,True,True,False
2020-01-28 09:00:00+01:00,19.9303333333333,54.5465,67.9166666666667,505.077777777778,543.111111111111,723.1,683.188888888889,632.177777777778,105.461111111111,0,9,35,True,True,False
2020-01-28 10:00:00+01:00,19.9383888888889,54.7085,67.2666666666667,504.8,542.511111111111,723.1,682.961111111111,631.683333333333,107.311111111111,0,9,35,True,True,False
2020-01-28 11:00:00+01:00,19.9436111111111,55.0916111111111,68.0666666666667,504.588888888889,541.972222222222,720.811111111111,680.688888888889,628.733333333333,111.038888888889,0,9,35,True,True,False
2020-01-28 12:00:00+01:00,20.0008888888889,55.519,68.1444444444445,504.527777777778,540.738888888889,720.694444444445,680.133333333333,628.677777777778,111.383333333333,0,9,35,True,True,False
2020-01-28 13:00:00+01:00,19.9897777777778,55.9906111111111,68.0166666666667,504.488888888889,540.216666666667,720.605555555556,680.177777777778,629.394444444444,110.033333333333,0,9,35,True,True,False
2020-01-28 14:00:00+01:00,20.0413888888889,56.1247777777778,67.4166666666667,504.75,539.133333333333,720.483333333333,679.75,629.488888888889,109.833333333333,0,9,35,True,True,False
2020-01-28 15:00:00+01:00,20.082,56.3702222222222,67.3722222222222,504.683333333333,538.866666666667,718.922222222222,678.35,627.95,110.111111111111,0,9,35,True,True,False
2020-01-28 16:00:00+01:00,20.1557777777778,56.3586111111111,67.4888888888889,504.605555555556,538.083333333333,719.222222222222,678.172222222222,627.844444444444,108.977777777778,0,9,35,True,True,False
2020-01-28 17:00:00+01:00,20.1006666666667,56.7572777777778,66.9,504.55,538,718.411111111111,677.483333333333,626.927777777778,108.366666666667,0,9,35,True,True,False
2020-01-28 18:00:00+01:00,20.242,56.5717777777778,67.6611111111111,504.333333333333,536.955555555556,716.938888888889,675.777777777778,625.2,108.611111111111,0,9,35,True,True,False
2020-01-28 19:00:00+01:00,20.1231111111111,56.9465,67.7166666666667,504.083333333333,536.577777777778,715.372222222222,674.211111111111,622.772222222222,111.327777777778,0,9,35,True,True,False
2020-01-28 20:00:00+01:00,20.2028888888889,56.4966111111111,68.4444444444444,503.744444444444,536.205555555556,712.744444444444,671.527777777778,618.572222222222,115.233333333333,0,9,35,True,True,False
2020-01-28 21:00:00+01:00,20.1240555555556,56.5196111111111,68.7222222222222,503.666666666667,536.466666666667,712.572222222222,671.594444444444,617.655555555556,117.861111111111,0,9,35,True,True,False
2020-01-28 22:00:00+01:00,20.2017222222222,56.1005,69.5055555555556,503.555555555556,535.75,711.811111111111,670.844444444444,617.027777777778,117.683333333333,0,9,35,True,True,False
2020-01-28 23:00:00+01:00,20.1408333333333,56.0021666666667,69.8555555555556,503.244444444444,535.833333333333,712.894444444444,671.877777777778,618.194444444445,118.527777777778,0,9,35,True,True,False
2020-01-29 00:00:00+01:00,20.1471111111111,55.5960555555556,70.2888888888889,503.155555555556,536.205555555556,713.583333333333,672.611111111111,619.277777777778,117.872222222222,0,9,35,True,True,False
2020-01-29 01:00:00+01:00,20.1145555555556,55.3407777777778,69.6611111111111,503.061111111111,536.477777777778,714.65,673.672222222222,620.688888888889,117.377777777778,0,9,35,True,True,False
2020-01-29 02:00:00+01:00,20.0997777777778,55.0200555555556,70.15,502.977777777778,536.444444444445,715.722222222222,674.777777777778,622.283333333333,116.788888888889,0,9,35,True,True,False
2020-01-29 03:00:00+01:00,20.0884444444444,54.8064444444444,69.4611111111111,503.183333333333,538.516666666667,717.527777777778,677.033333333333,624.855555555556,114.677777777778,0,9,35,True,True,False
2020-01-29 04:00:00+01:00,20.0667777777778,55.1875555555556,69.4333333333333,503.405555555556,538.172222222222,717.555555555556,676.955555555556,625.416666666667,112.766666666667,0,9,35,True,True,False
2020-01-29 05:00:00+01:00,20.0783333333333,55.3239444444444,68.9944444444444,503.516666666667,538.288888888889,717.55,677.061111111111,625.555555555556,111.905555555556,0,9,35,True,True,False
2020-01-29 06:00:00+01:00,20.0575555555556,55.4632222222222,69.2444444444444,503.422222222222,537.438888888889,716.038888888889,675.183333333333,623.116666666667,113.05,0,9,35,True,True,False
2020-01-29 07:00:00+01:00,20.0797777777778,55.349,69.6555555555556,503.4,537.75,715.727777777778,675.344444444444,622.688888888889,113.455555555556,0,9,35,True,True,False
2020-01-29 08:00:00+01:00,20.0342777777778,55.5177222222222,69.2444444444444,503.188888888889,537.772222222222,715.922222222222,675.305555555556,623.55,112.933333333333,0,9,35,True,True,False
2020-01-29 09:00:00+01:00,20.0802222222222,55.3712222222222,69.2888888888889,503.266666666667,538.161111111111,716.472222222222,675.683333333333,623.761111111111,113.188888888889,0,9,35,True,True,False
2020-01-29 10:00:00+01:00,20.0217777777778,55.7778333333333,69.55,503.272222222222,537.327777777778,716.583333333333,675.905555555556,624.055555555556,114.066666666667,0,9,35,True,True,False
2020-01-29 11:00:00+01:00,20.0987222222222,55.9352777777778,69.1777777777778,503.266666666667,537.294444444445,715.277777777778,674.7,622.755555555556,114.805555555556,0,9,35,True,True,False
2020-01-29 12:00:00+01:00,20.1325,56.1652222222222,69.5666666666667,503.238888888889,536.877777777778,716.005555555556,675.011111111111,623.416666666667,114.122222222222,0,9,35,True,True,False
2020-01-29 13:00:00+01:00,20.1786111111111,56.4352222222222,69.2111111111111,503.127777777778,536.533333333333,715.538888888889,674.611111111111,623.816666666667,113.438888888889,0,9,35,True,True,False
2020-01-29 14:00:00+01:00,20.1626666666667,56.7070555555556,68.8777777777778,503.072222222222,535.116666666667,715.627777777778,674.355555555556,623.033333333333,113.4,0,9,35,True,True,False
2020-01-29 15:00:00+01:00,20.2461111111111,56.9177777777778,69.4222222222222,503.094444444444,534.333333333333,714.05,672.711111111111,621.711111111111,112.994444444444,0,9,35,True,True,False
2020-01-29 16:00:00+01:00,20.0587222222222,57.0148333333333,71.3611111111111,502.966666666667,535.283333333333,714.938888888889,674.011111111111,622.377777777778,112.011111111111,0,9,35,True,True,False
2020-01-29 17:00:00+01:00,20.1891666666667,57.0205555555556,76.3888888888889,501.811111111111,537.816666666667,714.311111111111,673.894444444444,621.677777777778,109.633333333333,0,9,35,True,True,False
2020-01-29 18:00:00+01:00,20.0878333333333,57.7225,76.3,501.688888888889,534.611111111111,712.722222222222,671.755555555556,619.605555555556,111.011111111111,0,9,35,True,True,False
2020-01-29 19:00:00+01:00,20.1555555555556,57.8576111111111,76.6277777777778,501.638888888889,534.511111111111,710.433333333333,669.094444444444,616.494444444444,114.288888888889,0,9,35,True,True,False
2020-01-29 20:00:00+01:00,20.1983333333333,57.7138888888889,75.4333333333333,501.594444444444,533.511111111111,710.277777777778,668.655555555556,615.677777777778,116.194444444444,0,9,35,True,True,False
2020-01-29 21:00:00+01:00,20.1525,57.7691666666667,75.6666666666667,501.183333333333,533.994444444444,709.75,668.105555555556,614.861111111111,117.066666666667,0,9,35,True,True,False
2020-01-29 22:00:00+01:00,20.1487777777778,57.5509444444445,75.6888888888889,501.383333333333,534.25,711.1,669.544444444445,616.883333333333,117.294444444444,0,9,35,True,True,False
2020-01-29 23:00:00+01:00,20.1562777777778,57.3292777777778,75.1055555555556,501.572222222222,534.627777777778,711.983333333333,670.433333333333,618.1,117.122222222222,0,9,35,True,True,False
2020-01-30 00:00:00+01:00,20.0223888888889,57.3322222222222,74.8722222222222,501.533333333333,534.55,713.377777777778,671.777777777778,620.366666666667,115.844444444444,0,9,35,True,True,False
2020-01-30 01:00:00+01:00,20.0477777777778,56.9958888888889,74.6888888888889,501.45,534.755555555556,713.622222222222,672.061111111111,620.483333333333,115.527777777778,0,9,35,True,True,False
2020-01-30 02:00:00+01:00,20.0694444444444,56.5610555555556,74.6333333333333,501.844444444444,535.261111111111,715.583333333333,674.177777777778,623.883333333333,113.366666666667,0,9,35,True,True,False
2020-01-30 03:00:00+01:00,19.984,56.562,73.9555555555556,501.661111111111,535.65,716.127777777778,674.622222222222,624.661111111111,112.511111111111,0,9,35,True,True,False
2020-01-30 04:00:00+01:00,20.1001666666667,55.9633333333333,73.9111111111111,501.883333333333,536.261111111111,716.811111111111,675.566666666667,626.394444444444,111.194444444444,0,9,35,True,True,False
2020-01-30 05:00:00+01:00,19.9373333333333,56.1762777777778,73.6222222222222,501.9,537.227777777778,719.555555555556,678.455555555556,630.133333333333,109.933333333333,0,9,35,True,True,False
2020-01-30 06:00:00+01:00,20.0560555555556,55.6903333333333,73.2833333333333,501.866666666667,537.8,719.911111111111,678.694444444445,630.566666666667,109.611111111111,0,9,35,True,True,False
2020-01-30 07:00:00+01:00,19.9608888888889,55.7550555555556,74.0166666666667,501.8,538.433333333333,722.094444444444,681.05,633.35,109.283333333333,0,9,35,True,True,False
2020-01-30 08:00:00+01:00,19.985,55.8195555555556,73.3666666666667,501.677777777778,537.961111111111,720.661111111111,679.25,631.288888888889,110.405555555556,0,9,35,True,True,False
2020-01-30 09:00:00+01:00,19.9391666666667,56.1414444444445,73.6,501.716666666667,538.188888888889,720.916666666667,679.511111111111,631.022222222222,112.405555555556,0,9,35,True,True,False
2020-01-30 10:00:00+01:00,19.9938888888889,56.4697222222222,73.5222222222222,501.35,538.205555555556,719.055555555556,677.455555555556,628.772222222222,114.011111111111,0,9,35,True,True,False
2020-01-30 11:00:00+01:00,19.9439444444444,56.8766111111111,72.5666666666667,501.3,536.655555555556,719.183333333333,677.627777777778,628.966666666667,113.9,0,9,35,True,True,False
2020-01-30 12:00:00+01:00,19.9979444444444,57.1182222222222,71.7833333333333,501.6,534.511111111111,716.972222222222,675.466666666667,627.066666666667,114.111111111111,0,9,35,True,True,False
2020-01-30 13:00:00+01:00,20.1871666666667,56.9769444444445,70.6166666666667,501.511111111111,535.944444444445,716.905555555556,675.161111111111,627.25,113.572222222222,0,9,35,True,True,False
2020-01-30 14:00:00+01:00,20.0863333333333,57.3220555555556,70.0333333333333,501.677777777778,535.311111111111,716.416666666667,674.8,626.45,111.705555555556,0,9,35,True,True,False
2020-01-30 15:00:00+01:00,20.1681666666667,57.4713333333333,70.7722222222222,501.644444444444,535.622222222222,715.577777777778,673.95,625.594444444444,111.477777777778,0,9,35,True,True,False
2020-01-30 16:00:00+01:00,20.1383333333333,57.7066666666667,70.3388888888889,501.344444444444,533.755555555556,715.038888888889,673.322222222222,624.505555555556,111.222222222222,0,9,35,True,True,False
2020-01-30 17:00:00+01:00,20.1487222222222,57.9612777777778,70.7444444444444,501.294444444444,534.55,713.433333333333,671.533333333333,623.261111111111,111.7,0,9,35,True,True,False
2020-01-30 18:00:00+01:00,20.1771666666667,58.1131666666667,71.2111111111111,501.05,532.938888888889,713.05,670.45,621.594444444444,112.755555555556,0,9,35,True,True,False
2020-01-30 19:00:00+01:00,20.1695555555556,58.2286111111111,71.7277777777778,500.977777777778,533.394444444444,711.438888888889,668.883333333333,619.277777777778,114.133333333333,0,9,35,True,True,False
2020-01-30 20:00:00+01:00,20.1116666666667,58.4372222222222,72.1388888888889,500.65,531.755555555556,708.405555555556,665.872222222222,615.5,118.472222222222,0,9,35,True,True,False
2020-01-30 21:00:00+01:00,20.1813333333333,58.2343333333333,72.6611111111111,500.133333333333,532.394444444444,707.361111111111,664.827777777778,613.222222222222,121.222222222222,0,9,35,True,True,False
2020-01-30 22:00:00+01:00,20.1671666666667,58.1446111111111,72.7222222222222,500.05,531.927777777778,707.555555555556,664.988888888889,612.666666666667,122.694444444444,0,9,35,True,True,False
2020-01-30 23:00:00+01:00,20.1096666666667,58.0787222222222,73.3777777777778,499.9,532.755555555556,707.616666666667,665.266666666667,613.266666666667,123.283333333333,0,9,35,True,True,False
2020-01-31 00:00:00+01:00,20.1633333333333,57.6175555555556,73.3222222222222,500.027777777778,534.027777777778,709.177777777778,667.172222222222,615.822222222222,121.305555555556,0,9,35,True,True,False
2020-01-31 01:00:00+01:00,20.1793888888889,57.3666111111111,72.2111111111111,500.127777777778,533.966666666667,710.905555555556,668.705555555556,617.716666666667,119.45,0,9,35,True,True,False
2020-01-31 02:00:00+01:00,20.0635555555556,57.4831111111111,73.15,500.233333333333,534.588888888889,710.694444444445,668.655555555556,618.216666666667,117.961111111111,0,9,35,True,True,False
2020-01-31 03:00:00+01:00,20.0852222222222,57.0462222222222,71.6111111111111,500.277777777778,535.372222222222,712.783333333333,670.955555555556,620.75,115.088888888889,0,9,35,True,True,False
2020-01-31 04:00:00+01:00,20.0768888888889,56.9202777777778,70.8444444444445,500.355555555556,535.15,711.566666666667,669.85,619.511111111111,114.594444444444,0,9,35,True,True,False
2020-01-31 05:00:00+01:00,20.0198888888889,56.7429444444444,71.25,500.55,536.45,715,673.566666666667,624.288888888889,112.35,0,9,35,True,True,False
2020-01-31 06:00:00+01:00,20.0348333333333,56.6130555555556,71.3888888888889,500.261111111111,537.377777777778,714.227777777778,672.738888888889,623.555555555556,112.277777777778,0,9,35,True,True,False
2020-01-31 07:00:00+01:00,20.0388333333333,56.2408888888889,71.4222222222222,500.227777777778,537.411111111111,716.966666666667,675.372222222222,626.8,111.944444444444,0,9,35,True,True,False
2020-01-31 08:00:00+01:00,19.9844444444444,56.5363333333333,72.3277777777778,500.15,537.994444444444,715.166666666667,673.555555555556,624.894444444444,113.383333333333,0,9,35,True,True,False
2020-01-31 09:00:00+01:00,20.0402222222222,56.4567222222222,72.1333333333333,500.155555555556,537.872222222222,716.811111111111,675.077777777778,626.338888888889,113.65,0,9,35,True,True,False
2020-01-31 10:00:00+01:00,19.9983888888889,56.7296666666667,72.95,500.105555555556,537.711111111111,716.238888888889,674.65,625.877777777778,114.905555555556,0,9,35,True,True,False
2020-01-31 11:00:00+01:00,20.0795555555556,56.8768333333333,71.9166666666667,500.033333333333,535.011111111111,713.166666666667,671.066666666667,622.022222222222,117.677777777778,0,9,35,True,True,False
2020-01-31 12:00:00+01:00,20.1935,57.0203888888889,71.8388888888889,499.872222222222,535.022222222222,713.322222222222,671.272222222222,622.011111111111,117.677777777778,0,9,35,True,True,False
2020-01-31 13:00:00+01:00,20.309,57.1743888888889,71.0777777777778,499.844444444444,533.155555555556,712.016666666667,669.65,620.738888888889,118.138888888889,0,9,35,True,True,False
2020-01-31 14:00:00+01:00,20.2806666666667,57.5967777777778,70.75,499.711111111111,529.305555555556,706.583333333333,663.911111111111,614.455555555556,122.1,0,9,35,True,True,False
2020-01-31 15:00:00+01:00,20.2641666666667,57.9967222222222,70.9222222222222,499.438888888889,529.661111111111,707.355555555556,664.527777777778,615.427777777778,123.25,0,9,35,True,True,False
2020-01-31 16:00:00+01:00,20.2872222222222,58.2456111111111,70.1611111111111,499.605555555556,530.833333333333,709.622222222222,666.788888888889,618.261111111111,119.388888888889,0,9,35,True,True,False
2020-01-31 17:00:00+01:00,20.2797222222222,58.5715555555556,70.1444444444445,499.388888888889,529.983333333333,705.966666666667,663.111111111111,614.255555555556,119.983333333333,0,9,35,True,True,False
2020-01-31 18:00:00+01:00,20.2803888888889,58.7607777777778,71.4333333333333,499.044444444444,529.788888888889,704.711111111111,661.261111111111,612.122222222222,122.244444444444,0,9,35,True,True,False
2020-01-31 19:00:00+01:00,20.2793333333333,58.9238888888889,70.6777777777778,498.816666666667,530.516666666667,706.111111111111,662.661111111111,612.733333333333,121.311111111111,0,9,35,True,True,False
2020-01-31 20:00:00+01:00,20.3018888888889,58.8763888888889,72.3722222222222,499.011111111111,530.366666666667,704.216666666667,660.816666666667,610.005555555556,121.822222222222,0,9,35,True,True,False
2020-01-31 21:00:00+01:00,20.3227222222222,58.6757777777778,71.9611111111111,498.705555555556,530.777777777778,703.627777777778,660.65,609,125.922222222222,0,9,35,True,True,False
2020-01-31 22:00:00+01:00,20.2428888888889,58.7735,72.9222222222222,498.388888888889,530.505555555556,702.277777777778,659.3,607.722222222222,128.194444444444,0,9,35,True,True,False
2020-01-31 23:00:00+01:00,20.2235,58.4673333333333,73.3166666666667,498.511111111111,531.155555555556,705.044444444445,662.033333333333,610.755555555556,125.788888888889,0,9,35,True,True,False
2020-02-01 00:00:00+01:00,20.2701111111111,58.1222222222222,73.9111111111111,498.355555555556,531.722222222222,704.794444444445,661.833333333333,610.322222222222,123.683333333333,0,9,35,True,True,False
2020-02-01 01:00:00+01:00,20.2771111111111,57.8165,72.7833333333333,498.266666666667,531.961111111111,706.694444444445,663.966666666667,612.938888888889,122.972222222222,0,9,35,True,True,False
2020-02-01 02:00:00+01:00,20.1815,57.6503888888889,74.1666666666667,498.227777777778,533.055555555556,707.594444444444,664.861111111111,614.6,124.638888888889,0,9,35,True,True,False
2020-02-01 03:00:00+01:00,20.0958333333333,57.4020555555556,73.6944444444444,498.266666666667,533.65,707.872222222222,665.655555555556,616.211111111111,121.316666666667,0,9,35,True,True,False
2020-02-01 04:00:00+01:00,20.1513333333333,56.8543333333333,73.0277777777778,498.266666666667,534.144444444444,708.866666666667,666.8,617.2,118.972222222222,0,9,35,True,True,False
2020-02-01 05:00:00+01:00,20.1207777777778,56.4101666666667,73.3611111111111,498.366666666667,535.144444444444,710.45,668.366666666667,619.388888888889,116.672222222222,0,9,35,True,True,False
2020-02-01 06:00:00+01:00,20.0375,56.3118888888889,73.1777777777778,498.488888888889,536.155555555556,712.3,670.488888888889,622.127777777778,115.733333333333,0,9,35,True,True,False
2020-02-01 07:00:00+01:00,20.0284444444444,56.1252777777778,73.0055555555556,498.466666666667,536.527777777778,712.2,670.361111111111,622.366666666667,115.433333333333,0,9,35,True,True,False
2020-02-01 08:00:00+01:00,20.0672222222222,56.0574444444444,72.1111111111111,498.505555555556,537.288888888889,715.205555555556,673.105555555556,626.027777777778,114.85,0,9,35,True,True,False
2020-02-01 09:00:00+01:00,20.0151666666667,56.6756111111111,72.25,498.316666666667,537.105555555556,711.738888888889,669.894444444444,621.855555555556,117.033333333333,0,9,35,True,True,False
2020-02-01 10:00:00+01:00,20.0409444444444,57.037,71.0722222222222,498.577777777778,534.766666666667,709.8,667.844444444444,619.983333333333,118.694444444444,0,9,35,True,True,False
2020-02-01 11:00:00+01:00,20.0782777777778,57.3842222222222,70.6722222222222,498.627777777778,533.255555555556,708.844444444444,666.6,618.3,118.883333333333,0,9,35,True,True,False
2020-02-01 12:00:00+01:00,20.1542222222222,57.567,69.6388888888889,498.527777777778,532.077777777778,707.872222222222,665.383333333333,616.366666666667,120.75,0,9,35,True,True,False
2020-02-01 13:00:00+01:00,20.3488333333333,57.5693888888889,69.9666666666667,498.538888888889,533.022222222222,708.016666666667,665.622222222222,617.433333333333,119.972222222222,0,9,35,True,True,False
2020-02-01 14:00:00+01:00,20.4375555555556,57.7337777777778,70.4777777777778,498.338888888889,532.088888888889,706.694444444445,663.927777777778,615.694444444445,118.816666666667,0,9,35,True,True,False
2020-02-01 15:00:00+01:00,20.3236666666667,58.3168333333333,69.8611111111111,498.166666666667,529.783333333333,702.944444444445,660.394444444444,610.988888888889,120.933333333333,0,9,35,True,True,False
2020-02-01 16:00:00+01:00,20.3565555555556,58.6308888888889,70.0611111111111,498.072222222222,529.816666666667,703.794444444445,661.111111111111,611.977777777778,121.333333333333,0,9,35,True,True,False
2020-02-01 17:00:00+01:00,20.3723888888889,58.8982222222222,71.4777777777778,497.9,528.116666666667,701.7,658.261111111111,608.9,124.472222222222,0,9,35,True,True,False
2020-02-01 18:00:00+01:00,20.3627222222222,59.2072222222222,71.0555555555556,497.666666666667,528.394444444444,702.638888888889,658.75,609.138888888889,122.761111111111,0,9,35,True,True,False
2020-02-01 19:00:00+01:00,20.409,59.3801666666667,72.3333333333333,497.261111111111,527.438888888889,699.522222222222,655.538888888889,604.555555555556,126.144444444444,0,9,35,True,True,False
2020-02-01 20:00:00+01:00,20.4164444444444,59.425,72.1055555555556,497.233333333333,527.938888888889,698.594444444444,655.027777777778,603.983333333333,127.672222222222,0,9,35,True,True,False
2020-02-01 21:00:00+01:00,20.3491111111111,59.5421666666667,73.3833333333333,496.766666666667,527.905555555556,696.783333333333,653.705555555556,602.483333333333,130.588888888889,0,9,35,True,True,False
2020-02-01 22:00:00+01:00,20.4007222222222,59.1437222222222,73.4444444444444,496.644444444444,528.494444444444,699.877777777778,656.411111111111,604.95,129.605555555556,0,9,35,True,True,False
2020-02-01 23:00:00+01:00,20.4300555555556,59.1158888888889,74.35,496.572222222222,529.205555555556,698.2,655.1,603.8,128.638888888889,0,9,35,True,True,False
2020-02-02 00:00:00+01:00,20.4425,58.6970555555556,73.5833333333333,496.816666666667,529.566666666667,701.727777777778,658.427777777778,607.061111111111,127.955555555556,0,9,35,True,True,False
2020-02-02 01:00:00+01:00,20.3725,58.5316666666667,73.6555555555556,496.633333333333,530.438888888889,702.633333333333,659.227777777778,608.4,128.622222222222,0,9,35,True,True,False
2020-02-02 02:00:00+01:00,20.2777777777778,58.3565,73.1888888888889,496.588888888889,530.6,703.777777777778,660.861111111111,610.416666666667,126.316666666667,0,9,35,True,True,False
2020-02-02 03:00:00+01:00,20.2831111111111,58.2692777777778,72.8388888888889,496.5,531.355555555556,702.405555555556,660.316666666667,609.883333333333,124.905555555556,0,9,35,True,True,False
2020-02-02 04:00:00+01:00,20.2705,57.892,73.1444444444445,496.733333333333,531.422222222222,703.033333333333,660.677777777778,610.422222222222,124.088888888889,0,9,35,True,True,False
2020-02-02 05:00:00+01:00,20.2743333333333,57.3813888888889,72.5555555555556,496.922222222222,534.005555555556,709.077777777778,666.9,617.872222222222,121.077777777778,0,9,35,True,True,False
2020-02-02 06:00:00+01:00,20.1631111111111,57.4941111111111,72.55,496.95,533.305555555556,706.411111111111,664.133333333333,614.033333333333,119.894444444444,0,9,35,True,True,False
2020-02-02 07:00:00+01:00,20.2217777777778,57.4345555555556,73.6055555555556,496.822222222222,533.811111111111,707.538888888889,665.172222222222,615.761111111111,118.022222222222,0,9,35,True,True,False
2020-02-02 08:00:00+01:00,20.2147222222222,57.9345,73.3,496.833333333333,533.805555555556,707.638888888889,665.133333333333,615.588888888889,117.922222222222,0,9,35,True,True,False
2020-02-02 09:00:00+01:00,20.2082222222222,58.1925555555556,71.3888888888889,496.955555555556,533.744444444444,708.872222222222,666.355555555556,617.033333333333,116.777777777778,0,9,35,True,True,False
2020-02-02 10:00:00+01:00,20.2348888888889,57.8004444444444,71.0777777777778,497.35,536.3,708.611111111111,667.072222222222,616.344444444444,116.166666666667,0,9,35,True,True,False
2020-02-02 11:00:00+01:00,20.6175,57.4279444444445,69.1944444444444,497.605555555556,539.861111111111,709.044444444445,669.783333333333,620.166666666667,105.322222222222,0,9,35,True,True,False
2020-02-02 12:00:00+01:00,21.0485,57.3086666666667,70.6388888888889,497.472222222222,534.422222222222,706.216666666667,665.2,615.388888888889,108.05,0,9,35,True,True,False
2020-02-02 13:00:00+01:00,21.1716111111111,57.6386666666667,71.0666666666667,497.283333333333,530.338888888889,703.405555555556,662.261111111111,612.027777777778,110.85,0,9,35,True,True,False
2020-02-02 14:00:00+01:00,21.0527659574468,57.8795744680851,71.2340425531915,497.170212765957,530.702127659574,702.297872340426,661.127659574468,610.617021276596,111.531914893617,0,9,35,True,True,False
2020-02-04 12:00:00+01:00,18.0072340425532,62.1881914893617,102.095744680851,443.595744680851,499.021276595745,779.691489361702,720.904255319149,646.468085106383,258,1,9,35,True,True,True
2020-02-04 13:00:00+01:00,19.7517222222222,59.5251111111111,93.7388888888889,504.65,549.616666666667,765.172222222222,707.794444444445,646.8,151.5,0,9,35,True,True,False
2020-02-04 14:00:00+01:00,20.8385555555556,62.5930555555556,146.755555555556,500.638888888889,537.644444444444,737.777777777778,666.688888888889,600.855555555556,185.277777777778,0,9,35,True,True,False
2020-02-04 15:00:00+01:00,21.3608333333333,60.4623333333333,157.583333333333,502.905555555556,477.561111111111,726.322222222222,655.838888888889,584.994444444444,160.361111111111,0,9,35,True,True,False
2020-02-04 16:00:00+01:00,20.7763333333333,63.2772777777778,143.755555555556,506.433333333333,490.261111111111,725.533333333333,656.733333333333,588.316666666667,148.616666666667,0,9,35,True,True,False
2020-02-04 17:00:00+01:00,21.2027777777778,61.2828888888889,136.711111111111,508.083333333333,499.8,729.205555555556,662.322222222222,595.311111111111,139.2,0,9,35,True,True,False
2020-02-04 18:00:00+01:00,22.1249444444444,59.6482777777778,138.516666666667,507.166666666667,499.822222222222,725.8,659.094444444444,592.633333333333,137.766666666667,0,9,35,True,True,False
2020-02-04 19:00:00+01:00,22.5362222222222,58.7712777777778,136.422222222222,507.133333333333,501.827777777778,724.827777777778,658.538888888889,592.683333333333,133.25,0,9,35,True,True,False
2020-02-04 20:00:00+01:00,23.0145555555556,57.9892222222222,161.322222222222,502.144444444444,491.172222222222,712.422222222222,643.633333333333,575.816666666667,147.65,0,9,35,True,True,False
2020-02-04 21:00:00+01:00,22.8902222222222,58.3413333333333,159.416666666667,502.705555555556,499.466666666667,716.316666666667,649.905555555556,585.016666666667,134.788888888889,0,9,35,True,True,False
2020-02-04 22:00:00+01:00,22.09,59.5204444444444,144.2,505.988888888889,502.677777777778,718.95,652.727777777778,593.544444444445,124.566666666667,0,9,35,True,True,False
2020-02-04 23:00:00+01:00,21.6658333333333,58.9372222222222,137.555555555556,507.811111111111,506.305555555556,727.016666666667,663.022222222222,605,119.855555555556,0,9,35,True,True,False
2020-02-05 00:00:00+01:00,21.1079444444444,58.1711666666667,129.494444444444,509.655555555556,519.977777777778,737.561111111111,676.255555555556,618.566666666667,113.694444444444,0,9,35,True,True,False
2020-02-05 01:00:00+01:00,20.5690555555556,57.9479444444444,124.444444444444,511.377777777778,532.877777777778,744.427777777778,685.338888888889,629.561111111111,108.455555555556,0,9,35,True,True,False
2020-02-05 02:00:00+01:00,20.0688888888889,58.4882222222222,121.577777777778,512.177777777778,538.077777777778,747.233333333333,689.172222222222,635.566666666667,104.377777777778,0,9,35,True,True,False
2020-02-05 03:00:00+01:00,19.6883333333333,58.9525,119.255555555556,512.638888888889,539.127777777778,748.883333333333,691.683333333333,639.716666666667,102.055555555556,0,9,35,True,True,False
2020-02-05 04:00:00+01:00,20.6543333333333,57.5943888888889,118.761111111111,512.638888888889,532.461111111111,745.316666666667,687.866666666667,636.716666666667,102.855555555556,0,9,35,True,True,False
2020-02-05 05:00:00+01:00,21.2488888888889,57.0267777777778,116.944444444444,512.977777777778,526.566666666667,742.661111111111,685.066666666667,635.366666666667,102.605555555556,0,9,35,True,True,False
2020-02-05 06:00:00+01:00,21.4071111111111,56.7422777777778,113.911111111111,513.466666666667,531.088888888889,743.705555555556,687.416666666667,639.894444444444,100.044444444444,0,9,35,True,True,False
2020-02-05 07:00:00+01:00,21.4668333333333,56.3896111111111,110.966666666667,514,530.683333333333,744.311111111111,688.05,641.944444444445,99.2611111111111,0,9,35,True,True,False
2020-02-05 08:00:00+01:00,21.5733888888889,56.0133333333333,109.855555555556,514.288888888889,526.538888888889,740.038888888889,682.922222222222,633.105555555556,101.683333333333,0,9,35,True,True,False
2020-02-05 09:00:00+01:00,21.6404444444444,55.4236111111111,116.405555555556,511.844444444444,512.85,716.25,654.85,590.255555555556,114.9,0,9,35,True,True,False
2020-02-05 10:00:00+01:00,21.9888333333333,55.4683333333333,127.722222222222,508.927777777778,506.322222222222,712.694444444445,649.594444444444,585.861111111111,131.333333333333,0,9,35,True,True,False
2020-02-05 11:00:00+01:00,22.1494444444444,54.4055,124.272222222222,510.016666666667,517.833333333333,722.316666666667,662.088888888889,601.838888888889,121.961111111111,0,9,35,True,True,False
2020-02-05 12:00:00+01:00,22.2998333333333,53.3348888888889,93.6444444444445,511.616666666667,508.45,727.933333333333,669.238888888889,612.861111111111,110.755555555556,0,9,35,True,True,False
2020-02-05 13:00:00+01:00,22.4319444444444,54.2912777777778,90.8277777777778,508.777777777778,485.433333333333,722.644444444444,662.6,607.088888888889,113.111111111111,0,9,35,True,True,False
2020-02-05 14:00:00+01:00,22.1242777777778,55.3295,108.211111111111,505.383333333333,496.977777777778,720.494444444444,659.894444444444,604.694444444445,113.405555555556,0,9,35,True,True,False
2020-02-05 15:00:00+01:00,21.9356666666667,55.9755555555556,108.061111111111,505.972222222222,499.822222222222,720.605555555556,660.277777777778,607.322222222222,113.122222222222,0,9,35,True,True,False
2020-02-05 16:00:00+01:00,22.0965,56.886,114.294444444444,504.688888888889,499.894444444444,717.455555555556,654.377777777778,600.111111111111,118.255555555556,0,9,35,True,True,False
2020-02-05 17:00:00+01:00,21.9937222222222,57.4515,112.416666666667,505.383333333333,500.183333333333,715.733333333333,651.361111111111,598.555555555556,121.85,0,9,35,True,True,False
2020-02-05 18:00:00+01:00,22.4696111111111,56.3834444444445,103.955555555556,507.088888888889,506.9,721.344444444444,659.627777777778,607.144444444444,115.4,0,9,35,True,True,False
2020-02-05 19:00:00+01:00,22.8841666666667,55.2302777777778,100.044444444444,507.544444444444,510.111111111111,722.211111111111,661.5,607.938888888889,113.3,0,9,35,True,True,False
2020-02-05 20:00:00+01:00,23.08,55.1308333333333,118.877777777778,502.933333333333,505.8,708.877777777778,646.755555555556,586.455555555556,120.783333333333,0,9,35,True,True,False
2020-02-05 21:00:00+01:00,23.0266111111111,54.8960555555556,117.133333333333,503.777777777778,499.627777777778,707.333333333333,644.661111111111,585.355555555556,127.844444444444,0,9,35,True,True,False
2020-02-05 22:00:00+01:00,22.6572777777778,54.4873333333333,97.2111111111111,508.177777777778,502.25,715.466666666667,654.061111111111,601.327777777778,119.088888888889,0,9,35,True,True,False
2020-02-05 23:00:00+01:00,22.0111666666667,54.8613888888889,91.0888888888889,510.566666666667,510.9,725.088888888889,665.405555555556,613.266666666667,116.027777777778,0,9,35,True,True,False
2020-02-06 00:00:00+01:00,21.2303333333333,55.074,85.7722222222222,512.111111111111,525.977777777778,734.844444444444,677.333333333333,626.4,109.488888888889,0,9,35,True,True,False
2020-02-06 01:00:00+01:00,20.7379444444444,55.2788333333333,84.5722222222222,512.522222222222,530.316666666667,740.016666666667,683.45,634.644444444444,106.705555555556,0,9,35,True,True,False
2020-02-06 02:00:00+01:00,20.4164827586207,55.750275862069,84.1172413793103,513.075862068966,531.986206896552,742.186206896552,686.358620689655,640.268965517241,104.668965517241,0,9,35,True,True,False
2020-02-06 03:00:00+01:00,20.8044897959184,55.0880612244898,89.9795918367347,511.357142857143,529.857142857143,740.5,684.5,639.428571428571,106.224489795918,0,9,35,True,True,False
2020-02-06 04:00:00+01:00,20.6575555555556,54.5528333333333,82.4833333333333,513.622222222222,533.805555555556,745.133333333333,690.277777777778,646.95,104.194444444444,0,9,35,True,True,False
2020-02-06 05:00:00+01:00,20.5962777777778,53.6195555555556,72.5277777777778,516.566666666667,535.472222222222,749.327777777778,694.977777777778,653.516666666667,100.85,0,9,35,True,True,False
2020-02-06 06:00:00+01:00,20.6847777777778,53.5415555555556,67.4222222222222,518.138888888889,536.6,750.016666666667,696.222222222222,656.811111111111,100.544444444444,0,9,35,True,True,False
2020-02-06 07:00:00+01:00,20.5666666666667,53.2563888888889,63.3277777777778,519.411111111111,540.044444444445,752.466666666667,699.483333333333,659.95,100.216666666667,0,9,35,True,True,False
2020-02-06 08:00:00+01:00,20.4716111111111,53.0727222222222,60.2388888888889,520.194444444445,541.477777777778,753.194444444445,700.061111111111,659.383333333333,102.622222222222,0,9,35,True,True,False
2020-02-06 09:00:00+01:00,20.4462222222222,52.6153888888889,57.3722222222222,521.016666666667,541.588888888889,753.638888888889,700.933333333333,661.077777777778,102.377777777778,0,9,35,True,True,False
2020-02-06 10:00:00+01:00,20.4509444444444,52.6238333333333,55.3888888888889,521.555555555556,541.361111111111,752.733333333333,699.566666666667,659.7,103.605555555556,0,9,35,True,True,False
2020-02-06 11:00:00+01:00,20.5579444444444,53.0710555555556,54.7333333333333,521.283333333333,539.661111111111,750.188888888889,696.694444444445,654.65,106.183333333333,0,9,35,True,True,False
2020-02-06 12:00:00+01:00,20.7225,53.5321111111111,54.4611111111111,521.266666666667,540.105555555556,748.444444444445,694.594444444444,651.644444444444,106.794444444444,0,9,35,True,True,False
2020-02-06 13:00:00+01:00,20.7796666666667,53.9706666666667,54.5277777777778,521.311111111111,538.6,746.966666666667,693.127777777778,649.666666666667,106.5,0,9,35,True,True,False
2020-02-06 14:00:00+01:00,20.8665,54.1986111111111,55.6888888888889,520.788888888889,537.361111111111,746.638888888889,692.705555555556,649.522222222222,106.222222222222,0,9,35,True,True,False
2020-02-06 15:00:00+01:00,20.8816666666667,54.5506666666667,56.1722222222222,520.755555555556,536.461111111111,745.994444444444,691.85,648.683333333333,105.355555555556,0,9,35,True,True,False
2020-02-06 16:00:00+01:00,20.8853333333333,54.6438333333333,55.1333333333333,521.166666666667,536.633333333333,745.7,691.677777777778,648.233333333333,103.622222222222,0,9,35,True,True,False
2020-02-06 17:00:00+01:00,20.8851666666667,54.7883333333333,54.7055555555556,521.177777777778,535.666666666667,744.4,690.272222222222,646.833333333333,103.494444444444,0,9,35,True,True,False
2020-02-06 18:00:00+01:00,20.9805,54.8106111111111,54.5111111111111,521.466666666667,536.388888888889,744.438888888889,690.45,646.777777777778,102.927777777778,0,9,35,True,True,False
2020-02-06 19:00:00+01:00,20.9965555555556,55.0788888888889,53.3388888888889,521.483333333333,537.483333333333,743.611111111111,690.027777777778,647.211111111111,102.6,0,9,35,True,True,False
2020-02-06 20:00:00+01:00,20.9682222222222,55.2914444444444,54.0777777777778,521.311111111111,536.311111111111,743.261111111111,689.461111111111,645.872222222222,103.722222222222,0,9,35,True,True,False
2020-02-06 21:00:00+01:00,20.8237777777778,54.9687222222222,54.2722222222222,520.927777777778,536.55,742.338888888889,688.161111111111,643.333333333333,107.505555555556,0,9,35,True,True,False
2020-02-06 22:00:00+01:00,20.3433333333333,54.6270555555556,51.7,521.788888888889,543.277777777778,749.338888888889,696.966666666667,651.083333333333,107.422222222222,0,9,35,True,True,False
2020-02-06 23:00:00+01:00,19.7572777777778,55.2177222222222,50.2944444444444,522.572222222222,550.666666666667,753.272222222222,701.511111111111,656.572222222222,104.85,0,9,35,True,True,False
2020-02-07 00:00:00+01:00,19.3696666666667,55.4403888888889,49.3444444444444,522.938888888889,554.805555555556,756.077777777778,705.061111111111,661.527777777778,102.483333333333,0,9,35,True,True,False
2020-02-07 01:00:00+01:00,19.1482777777778,55.3704444444444,47.5722222222222,523.461111111111,556.561111111111,758.1,707.388888888889,665.061111111111,100.305555555556,0,9,35,True,True,False
2020-02-07 02:00:00+01:00,18.9876111111111,55.2722777777778,47.3,523.9,557.394444444444,759.55,709.55,668.1,98.2666666666667,0,9,35,True,True,False
2020-02-07 03:00:00+01:00,18.8416111111111,55.2179444444444,47.1111111111111,524.4,557.811111111111,760.7,710.933333333333,670.494444444444,96.9666666666667,0,9,35,True,True,False
2020-02-07 04:00:00+01:00,18.5833333333333,55.4735555555556,45.3666666666667,524.733333333333,560.255555555556,762.1,712.788888888889,673.311111111111,95.6,0,9,35,True,True,False
2020-02-07 05:00:00+01:00,18.3266111111111,55.7168888888889,44.9777777777778,524.955555555556,562.972222222222,763.422222222222,714.5,676.05,94.0055555555556,0,9,35,True,True,False
2020-02-07 06:00:00+01:00,18.161,55.611,43.9666666666667,525.033333333333,564.327777777778,764.744444444444,716.072222222222,677.922222222222,92.8388888888889,0,9,35,True,True,False
2020-02-07 07:00:00+01:00,17.9848333333333,55.5710555555556,43.5833333333333,525.055555555556,566.211111111111,765.933333333333,717.672222222222,679.722222222222,92.3611111111111,0,9,35,True,True,False
2020-02-07 08:00:00+01:00,17.7961111111111,55.6965,43.7944444444444,525.316666666667,567.616666666667,766,717.9,679.716666666667,93.0555555555556,0,9,35,True,True,False
2020-02-07 09:00:00+01:00,17.6021666666667,55.9265555555556,43.4944444444445,525.466666666667,569.333333333333,766.183333333333,718.005555555556,680.05,93.25,0,9,35,True,True,False
2020-02-07 10:00:00+01:00,17.4591666666667,56.2127222222222,43.3111111111111,525.527777777778,570.9,765.383333333333,716.722222222222,678.822222222222,94.3055555555556,0,9,35,True,True,False
2020-02-07 11:00:00+01:00,17.6911111111111,56.5658333333333,60.6111111111111,519.177777777778,565.861111111111,758.483333333333,708.45,668.183333333333,97.75,0,9,35,True,True,False
2020-02-07 12:00:00+01:00,19.2412777777778,56.5022222222222,121.511111111111,503.788888888889,545.2,741.65,689.088888888889,642.805555555556,105.744444444444,0,9,35,True,True,False
2020-02-07 13:00:00+01:00,19.7873888888889,56.0642222222222,136.494444444444,501.9,521.483333333333,732.566666666667,677.727777777778,627.855555555556,107.894444444444,0,9,35,True,True,False
2020-02-07 14:00:00+01:00,20.2485555555556,55.2963888888889,124.466666666667,504.394444444444,514.844444444444,730.066666666667,674.911111111111,623.783333333333,108.505555555556,0,9,35,True,True,False
2020-02-07 15:00:00+01:00,20.395,55.2662777777778,116.872222222222,505.955555555556,521.516666666667,731.327777777778,676.927777777778,626.172222222222,107.388888888889,0,9,35,True,True,False
2020-02-07 16:00:00+01:00,20.5602222222222,55.2286666666667,105.711111111111,508.5,526.216666666667,732.811111111111,678.905555555556,628.738888888889,106.611111111111,0,9,35,True,True,False
2020-02-07 17:00:00+01:00,20.6382222222222,55.3401111111111,94.0388888888889,511.033333333333,526.277777777778,732.6,678.822222222222,630.75,107.166666666667,0,9,35,True,True,False
2020-02-07 18:00:00+01:00,20.8166666666667,55.2917777777778,85.4722222222222,513.061111111111,527.494444444444,731.45,677.738888888889,631.338888888889,106.083333333333,0,9,35,True,True,False
2020-02-07 19:00:00+01:00,20.9098333333333,55.3485,79.2722222222222,514.311111111111,527.972222222222,731.688888888889,678,632.927777777778,106.011111111111,0,9,35,True,True,False
2020-02-07 20:00:00+01:00,21.0093888888889,55.3087777777778,74.7666666666667,515.572222222222,527.627777777778,730.433333333333,676.977777777778,632.305555555556,107.811111111111,0,9,35,True,True,False
2020-02-07 21:00:00+01:00,21.0769444444444,55.0003333333333,70.7777777777778,516.661111111111,529.355555555556,732.35,678.777777777778,633.344444444444,110.3,0,9,35,True,True,False
2020-02-07 22:00:00+01:00,21.1423333333333,54.9343333333333,67.3388888888889,517.416666666667,530.494444444444,731.644444444444,678.611111111111,634.733333333333,109.311111111111,0,9,35,True,True,False
2020-02-07 23:00:00+01:00,21.2096111111111,54.8783333333333,64.5,518.355555555556,530.127777777778,733.138888888889,680.094444444444,635.805555555556,108.366666666667,0,9,35,True,True,False
2020-02-08 00:00:00+01:00,21.2456111111111,54.8991111111111,61.15,518.994444444444,529.922222222222,731.666666666667,678.711111111111,635.85,108.744444444444,0,9,35,True,True,False
2020-02-08 01:00:00+01:00,21.2771666666667,54.7498888888889,58.3111111111111,519.466666666667,532.655555555556,735.227777777778,682.644444444444,639.805555555556,105.972222222222,0,9,35,True,True,False
2020-02-08 02:00:00+01:00,21.2116111111111,54.9557777777778,56.7166666666667,520.15,533.133333333333,734.944444444445,682.805555555556,641.561111111111,105.955555555556,0,9,35,True,True,False
2020-02-08 03:00:00+01:00,21.2664444444444,54.7350555555556,55.7555555555556,520.377777777778,533.716666666667,737.261111111111,685.077777777778,643.227777777778,104.605555555556,0,9,35,True,True,False
2020-02-08 04:00:00+01:00,21.1693333333333,54.7502222222222,54.1833333333333,520.494444444444,535.4,737.383333333333,685.566666666667,645.416666666667,103.022222222222,0,9,35,True,True,False
2020-02-08 05:00:00+01:00,21.2234444444444,54.2489444444444,52.2611111111111,521.083333333333,535.1,739.633333333333,687.822222222222,646.705555555556,102.055555555556,0,9,35,True,True,False
2020-02-08 06:00:00+01:00,21.1747222222222,53.9753333333333,51.0833333333333,521.572222222222,536.911111111111,740.866666666667,689.661111111111,649.927777777778,100.433333333333,0,9,35,True,True,False
2020-02-08 07:00:00+01:00,21.223,53.4155555555556,50.4,521.911111111111,536.55,742.505555555556,691.161111111111,650.666666666667,100.111111111111,0,9,35,True,True,False
2020-02-08 08:00:00+01:00,21.2555555555556,52.8452222222222,48.65,522.155555555556,537.138888888889,742.605555555556,691.494444444444,651.122222222222,99.7833333333333,0,9,35,True,True,False
2020-02-08 09:00:00+01:00,21.1495,52.9783333333333,47.8055555555556,522.355555555556,539.816666666667,743.461111111111,692.65,652.55,98.7277777777778,0,9,35,True,True,False
2020-02-08 10:00:00+01:00,21.1078333333333,52.5109444444444,48.0666666666667,522.088888888889,539.1,743.605555555556,692.544444444445,650.833333333333,99.2722222222222,0,9,35,True,True,False
2020-02-08 11:00:00+01:00,21.4063888888889,48.7587777777778,58.3,519.055555555556,547.4,748.627777777778,700.205555555556,653.638888888889,96.5111111111111,0,9,35,True,True,False
2020-02-08 12:00:00+01:00,21.5791111111111,51.6043888888889,66.3277777777778,515.388888888889,527.333333333333,694.038888888889,639.472222222222,555.55,104.188888888889,0,9,35,True,True,False
2020-02-08 13:00:00+01:00,20.9067777777778,51.2017777777778,74.3833333333333,514.772222222222,523.155555555556,710.383333333333,650.361111111111,566.938888888889,101.944444444444,0,9,35,True,True,False
2020-02-08 14:00:00+01:00,21.2022222222222,47.8349444444444,45.75,523.6,536.594444444444,728.388888888889,673.322222222222,598.066666666667,92.2111111111111,0,9,35,True,True,False
2020-02-08 15:00:00+01:00,20.7396111111111,49.1166666666667,44.0111111111111,522.522222222222,537.5,723.961111111111,670.516666666667,596.755555555556,111.755555555556,0,9,35,True,True,False
2020-02-08 16:00:00+01:00,20.4800555555556,52.4878888888889,73.2944444444445,512.411111111111,530.25,711.583333333333,658.372222222222,585.638888888889,126.544444444444,0,9,35,True,True,False
2020-02-08 17:00:00+01:00,20.4868333333333,58.3165,96.2277777777778,506.344444444444,436.872222222222,670.877777777778,612.655555555556,534.9,141.572222222222,1,9,35,True,True,True
2020-02-08 18:00:00+01:00,21.001,62.1261111111111,122.094444444444,500.577777777778,444.033333333333,655.383333333333,594.85,511.783333333333,161.611111111111,1,9,35,True,True,True
2020-02-08 19:00:00+01:00,20.6052222222222,60.8317777777778,113.638888888889,502.505555555556,448.666666666667,653.45,583.327777777778,484.472222222222,167.316666666667,1,9,35,True,True,True
2020-02-08 20:00:00+01:00,20.1555555555556,63.1781666666667,101.994444444444,506.211111111111,468.694444444444,668.072222222222,598.472222222222,504.888888888889,147.705555555556,1,9,35,True,True,True
2020-02-08 21:00:00+01:00,20.2755,59.9244444444444,87.9,510.055555555556,489.5,686.327777777778,619.355555555556,531.733333333333,133.633333333333,0,9,35,True,True,False
2020-02-08 22:00:00+01:00,20.1104444444444,59.5488888888889,79.0333333333333,512.605555555556,501.677777777778,697.2,632.45,550.422222222222,124.483333333333,0,9,35,True,True,False
2020-02-08 23:00:00+01:00,20.0713888888889,58.8334444444444,73.1944444444444,514.622222222222,510.022222222222,705.027777777778,642,563.822222222222,119.055555555556,0,9,35,True,True,False
2020-02-09 00:00:00+01:00,19.9835555555556,58.6431111111111,69.1277777777778,516.222222222222,517.188888888889,712.011111111111,650.111111111111,576.583333333333,114.111111111111,0,9,35,True,True,False
2020-02-09 01:00:00+01:00,19.9552777777778,58.1676666666667,65.1944444444444,517.638888888889,524.155555555556,718.761111111111,658.077777777778,588.45,109.305555555556,0,9,35,True,True,False
2020-02-09 02:00:00+01:00,20.0011111111111,58.0073333333333,62.05,518.483333333333,528.244444444444,723.566666666667,664.35,598.261111111111,105.794444444444,0,9,35,True,True,False
2020-02-09 03:00:00+01:00,19.9704444444444,57.5315555555556,58.5666666666667,519.927777777778,532.761111111111,728.8,670.738888888889,607.161111111111,102.166666666667,0,9,35,True,True,False
2020-02-09 04:00:00+01:00,19.9115,57.3368333333333,56.1777777777778,520.438888888889,537.288888888889,732.711111111111,675.483333333333,614.844444444444,98.6222222222222,0,9,35,True,True,False
2020-02-09 05:00:00+01:00,19.8557222222222,57.0767222222222,53.6555555555556,521.411111111111,541.066666666667,736.605555555556,680.822222222222,622.888888888889,96.0222222222222,0,9,35,True,True,False
2020-02-09 06:00:00+01:00,19.9055,56.6491666666667,52.0277777777778,521.994444444444,543.144444444444,739.738888888889,684.994444444444,629.966666666667,94.3055555555556,0,9,35,True,True,False
2020-02-09 07:00:00+01:00,19.9041111111111,56.2825,50.1944444444444,522.361111111111,546.2,742.683333333333,688.116666666667,635.227777777778,92.8222222222222,0,9,35,True,True,False
2020-02-09 08:00:00+01:00,19.8449444444444,56.1256111111111,49.2277777777778,522.833333333333,548.611111111111,744.983333333333,691.183333333333,639.994444444444,91.3944444444445,0,9,35,True,True,False
2020-02-09 09:00:00+01:00,19.8636666666667,55.8208888888889,48.6388888888889,523.061111111111,551.366666666667,746.744444444444,693.677777777778,643.777777777778,90.5,0,9,35,True,True,False
2020-02-09 10:00:00+01:00,19.9352222222222,55.8665555555556,47.8888888888889,523.283333333333,550.833333333333,746.7,693.666666666667,644.872222222222,90.8388888888889,0,9,35,True,True,False
2020-02-09 11:00:00+01:00,19.9899444444444,56.0697222222222,47.5666666666667,523.416666666667,550.894444444444,746.066666666667,693.155555555556,644.338888888889,91.4333333333333,0,9,35,True,True,False
2020-02-09 12:00:00+01:00,20.1691111111111,56.1690555555556,46.7722222222222,523.461111111111,548.705555555556,744.594444444444,691.783333333333,642.988888888889,92.2777777777778,0,9,35,True,True,False
2020-02-09 13:00:00+01:00,20.1203888888889,56.8626111111111,46.7555555555556,523.516666666667,545.827777777778,743.316666666667,689.927777777778,641.538888888889,92.75,0,9,35,True,True,False
2020-02-09 14:00:00+01:00,20.2111666666667,56.6912777777778,46.3888888888889,523.361111111111,545.416666666667,742.677777777778,689.072222222222,640.8,93.0055555555556,0,9,35,True,True,False
2020-02-09 15:00:00+01:00,20.1608888888889,57.0351666666667,46.6611111111111,523.188888888889,547.411111111111,743.122222222222,689.772222222222,641.622222222222,92.4833333333333,0,9,35,True,True,False
2020-02-09 16:00:00+01:00,20.2567222222222,57.0153333333333,46.4611111111111,523.427777777778,547.188888888889,742.7,689.494444444444,641.983333333333,92.4944444444444,0,9,35,True,True,False
2020-02-09 17:00:00+01:00,20.1801675977654,57.3367039106145,45.8156424581006,523.625698324022,548.027932960894,742.966480446927,689.77094972067,642.759776536313,92.2849162011173,0,9,35,True,True,False
2020-02-09 18:00:00+01:00,20.2074444444444,57.4750555555556,46.1388888888889,523.316666666667,548.333333333333,742.7,689.655555555556,643.15,91.9944444444444,0,9,35,True,True,False
2020-02-09 19:00:00+01:00,20.247,57.5907222222222,46.1166666666667,523.433333333333,549.511111111111,742.527777777778,689.544444444445,643.4,92.4722222222222,0,9,35,True,True,False
2020-02-09 20:00:00+01:00,20.2085,57.7914444444444,47.2888888888889,523.322222222222,546.833333333333,742.083333333333,688.988888888889,642.188888888889,94.5888888888889,0,9,35,True,True,False
2020-02-09 21:00:00+01:00,20.2166111111111,57.4008888888889,45.7055555555556,523.261111111111,551.233333333333,743.211111111111,690.35,643.483333333333,96.1166666666667,0,9,35,True,True,False
2020-02-09 22:00:00+01:00,20.2042777777778,57.3938888888889,46.2277777777778,523.066666666667,552.627777777778,743.633333333333,691.083333333333,644.094444444444,97.2277777777778,0,9,35,True,True,False
2020-02-09 23:00:00+01:00,20.2070555555556,57.2068333333333,46.3888888888889,523.15,552.327777777778,744.3,692.383333333333,645.861111111111,97.8277777777778,0,9,35,True,True,False
2020-02-10 00:00:00+01:00,20.1090555555556,57.2867222222222,46.2444444444445,523.044444444445,553.7,745.633333333333,693.7,648.172222222222,98.0111111111111,0,9,35,True,True,False
2020-02-10 01:00:00+01:00,20.1607222222222,57.0231666666667,46.7277777777778,522.855555555556,555.205555555556,747.272222222222,695.783333333333,650.766666666667,98.1944444444444,0,9,35,True,True,False
2020-02-10 02:00:00+01:00,20.0879444444444,57.1033333333333,47.6444444444444,522.8,552.816666666667,747.505555555556,696,651.611111111111,99.2611111111111,0,9,35,True,True,False
2020-02-10 03:00:00+01:00,20.0693888888889,56.6937777777778,47.1666666666667,522.777777777778,556.944444444445,750.311111111111,699.2,655.744444444444,97.9722222222222,0,9,35,True,True,False
2020-02-10 04:00:00+01:00,20.0332222222222,57.0532222222222,46.8388888888889,523.016666666667,557.455555555556,750.083333333333,698.994444444444,655.966666666667,96.6888888888889,0,9,35,True,True,False
2020-02-10 05:00:00+01:00,20.1593333333333,56.8742222222222,45.8055555555556,523.255555555556,556.044444444445,749.866666666667,698.911111111111,655.988888888889,95.9444444444444,0,9,35,True,True,False
2020-02-10 06:00:00+01:00,20.0673888888889,57.0962777777778,45.3722222222222,523.577777777778,556.622222222222,750.033333333333,699.088888888889,656.3,94,0,9,35,True,True,False
2020-02-10 07:00:00+01:00,20.0518333333333,57.2268333333333,44.15,523.688888888889,556.527777777778,749.655555555556,698.838888888889,656.505555555556,92.9722222222222,0,9,35,True,True,False
2020-02-10 08:00:00+01:00,20.1066111111111,57.3298888888889,44.6777777777778,523.8,556.672222222222,748.827777777778,697.822222222222,655.583333333333,93.15,0,9,35,True,True,False
2020-02-10 09:00:00+01:00,20.102,57.4125555555556,44.2055555555556,523.983333333333,556.583333333333,748.494444444444,697.344444444444,655.122222222222,93.3722222222222,0,9,35,True,True,False
2020-02-10 10:00:00+01:00,20.1367222222222,57.4244444444444,43.9333333333333,524.05,556.427777777778,748.633333333333,697.638888888889,655.205555555556,92.3777777777778,0,9,35,True,True,False
2020-02-10 11:00:00+01:00,20.2237222222222,57.5260555555556,43.7333333333333,523.905555555556,555.738888888889,748.072222222222,697.022222222222,654.6,92.1388888888889,0,9,35,True,True,False
2020-02-10 12:00:00+01:00,20.4221111111111,57.3911666666667,43.6055555555556,524.094444444444,553.35,746.933333333333,695.727777777778,653.1,92.1055555555556,0,9,35,True,True,False
2020-02-10 13:00:00+01:00,20.3627222222222,57.7253888888889,44.3944444444444,524.194444444445,553.322222222222,746.45,695.172222222222,653.138888888889,92.2722222222222,0,9,35,True,True,False
2020-02-10 14:00:00+01:00,20.4757777777778,57.7127777777778,42.5777777777778,523.955555555556,553.561111111111,746.105555555556,694.7,651.988888888889,91.8055555555556,0,9,35,True,True,False
2020-02-10 15:00:00+01:00,20.4241666666667,58.1763888888889,43.2888888888889,523.844444444444,552.072222222222,745.177777777778,693.633333333333,651.216666666667,92.1666666666667,0,9,35,True,True,False
2020-02-10 16:00:00+01:00,20.4895555555556,57.4778333333333,46.6888888888889,522.816666666667,557.5,745.827777777778,695.472222222222,651.366666666667,90.8555555555556,0,9,35,True,True,False
2020-02-10 17:00:00+01:00,21.0761111111111,57.3506111111111,77.7111111111111,513.622222222222,546.955555555556,728.705555555556,677.733333333333,626.366666666667,92.4833333333333,0,9,35,True,True,False
2020-02-10 18:00:00+01:00,21.1324444444444,57.1493888888889,83.6666666666667,511.955555555556,543.038888888889,728.805555555556,677.038888888889,627.427777777778,93.2333333333333,0,9,35,True,True,False
2020-02-10 19:00:00+01:00,21.1293888888889,57.7151666666667,100.605555555556,508.366666666667,540.405555555556,724.633333333333,672.211111111111,622.388888888889,95.5111111111111,0,9,35,True,True,False
2020-02-10 20:00:00+01:00,21.1294444444444,58.9472777777778,116.822222222222,504.955555555556,539.205555555556,720.766666666667,667.511111111111,615.7,99.0166666666667,0,9,35,True,True,False
2020-02-10 21:00:00+01:00,20.9153333333333,59.3233888888889,110.505555555556,506.855555555556,542.805555555556,725.055555555556,672.161111111111,622.05,98.2555555555556,0,9,35,True,True,False
2020-02-10 22:00:00+01:00,20.8398888888889,60.1781666666667,98.6666666666667,509.461111111111,541.888888888889,726.172222222222,673.25,623.8,99.2555555555556,0,9,35,True,True,False
2020-02-10 23:00:00+01:00,20.8013888888889,59.6237222222222,92.6166666666667,510.816666666667,542.477777777778,728.544444444445,675.727777777778,626.855555555556,99.0666666666667,0,9,35,True,True,False
2020-02-11 00:00:00+01:00,20.7421111111111,59.9495,82.8666666666667,513.127777777778,542.9,729.366666666667,676.438888888889,628.894444444444,101.672222222222,0,9,35,True,True,False
2020-02-11 01:00:00+01:00,20.6866666666667,59.5805555555556,77.9333333333333,514.155555555556,543.977777777778,731.722222222222,678.872222222222,630.961111111111,100.316666666667,0,9,35,True,True,False
2020-02-11 02:00:00+01:00,20.6451666666667,59.5613333333333,71.5222222222222,515.827777777778,543.483333333333,732.433333333333,679.488888888889,634.05,101.533333333333,0,9,35,True,True,False
2020-02-11 03:00:00+01:00,20.7883888888889,59.1223888888889,68.7888888888889,516.644444444444,544.633333333333,734.205555555556,681.794444444445,635.961111111111,99.0166666666667,0,9,35,True,True,False
2020-02-11 04:00:00+01:00,20.634,59.7838888888889,65.8333333333333,517.644444444444,545.061111111111,734.705555555556,681.933333333333,637.75,98.7,0,9,35,True,True,False
2020-02-11 05:00:00+01:00,20.6997222222222,59.4118333333333,64.4888888888889,518.022222222222,545.116666666667,736.572222222222,684.411111111111,640.488888888889,96.3333333333333,0,9,35,True,True,False
2020-02-11 06:00:00+01:00,20.6465,59.5844444444445,60.9611111111111,519.072222222222,545.266666666667,736.716666666667,684.727777777778,641.477777777778,96.6055555555556,0,9,35,True,True,False
2020-02-11 07:00:00+01:00,20.6168333333333,59.1518333333333,59.5111111111111,519.333333333333,546.255555555556,739,687.294444444445,644.427777777778,94.3777777777778,0,9,35,True,True,False
2020-02-11 08:00:00+01:00,20.6143333333333,59.2908888888889,57.1611111111111,520.083333333333,547.888888888889,739.116666666667,687.55,644.916666666667,94.2611111111111,0,9,35,True,True,False
2020-02-11 09:00:00+01:00,20.3947222222222,59.3487222222222,55.9277777777778,520.422222222222,549.577777777778,740.533333333333,689.322222222222,647.422222222222,92.5,0,9,35,True,True,False
2020-02-11 10:00:00+01:00,20.6973888888889,58.8781666666667,54.3388888888889,520.816666666667,548.883333333333,738.944444444445,687.544444444445,644.955555555556,94.1,0,9,35,True,True,False
2020-02-11 11:00:00+01:00,20.7471666666667,57.2261666666667,54.4388888888889,520.144444444444,548.483333333333,732.855555555556,680.794444444445,634.583333333333,103.811111111111,0,9,35,True,True,False
2020-02-11 12:00:00+01:00,20.8816111111111,53.7586666666667,48.2055555555556,521.711111111111,565.472222222222,730.916666666667,675.772222222222,624.611111111111,109.516666666667,0,9,35,True,True,False
2020-02-11 13:00:00+01:00,20.9665555555556,56.9130555555556,52.1055555555556,520.233333333333,555.005555555556,720.388888888889,659.155555555556,608.588888888889,108.25,0,9,35,True,True,False
2020-02-11 14:00:00+01:00,21.1312222222222,58.3206111111111,51.3,520.783333333333,550.955555555556,720.422222222222,660.705555555556,612.638888888889,106.427777777778,0,9,35,True,True,False
2020-02-11 15:00:00+01:00,21.0461111111111,58.0469444444445,50.4277777777778,520.994444444444,552.927777777778,724.338888888889,665.577777777778,617.644444444444,103.9,0,9,35,True,True,False
2020-02-11 16:00:00+01:00,20.8574444444444,58.65,50.3222222222222,521.094444444444,551.361111111111,726.7,668.716666666667,622.266666666667,102.588888888889,0,9,35,True,True,False
2020-02-11 17:00:00+01:00,20.6811111111111,59.6957222222222,49.6555555555556,521.261111111111,553.322222222222,727.2,668.627777777778,623.05,102.522222222222,0,9,35,True,True,False
2020-02-11 18:00:00+01:00,20.8285,57.9062222222222,49.4611111111111,521.422222222222,553.944444444445,727.783333333333,670.305555555556,625.911111111111,102.094444444444,0,9,35,True,True,False
2020-02-11 19:00:00+01:00,20.7922777777778,59.2423333333333,48.7555555555556,520.95,536.166666666667,702.444444444445,641.627777777778,592.905555555556,138.3,0,9,35,True,True,False
2020-02-11 20:00:00+01:00,20.8207222222222,58.5723333333333,48.2555555555556,519.661111111111,527.944444444445,693.988888888889,631.9,581.644444444444,162.388888888889,0,9,35,True,True,False
2020-02-11 21:00:00+01:00,20.8848333333333,58.2451666666667,47.9,518.6,524.927777777778,692.783333333333,631.183333333333,581.022222222222,174.222222222222,0,9,35,True,True,False
2020-02-11 22:00:00+01:00,20.6607222222222,59.4463888888889,47.6944444444444,518.161111111111,525.016666666667,692.405555555556,631.527777777778,579.861111111111,174.855555555556,0,9,35,True,True,False
2020-02-11 23:00:00+01:00,20.8718888888889,58.2370555555556,47.9166666666667,518.005555555556,523.122222222222,691.194444444445,629.477777777778,578.555555555556,175.155555555556,0,9,35,True,True,False
2020-02-12 00:00:00+01:00,20.6887222222222,59.7449444444444,47.5722222222222,518.188888888889,524.972222222222,691.927777777778,632.227777777778,581.983333333333,175.755555555556,0,9,35,True,True,False
2020-02-12 01:00:00+01:00,20.8243888888889,58.6654444444445,47.2833333333333,517.822222222222,523.922222222222,691.922222222222,630.627777777778,579.677777777778,171.083333333333,0,9,35,True,True,False
2020-02-12 02:00:00+01:00,20.7377222222222,58.7845,46.8722222222222,517.861111111111,523.416666666667,694.288888888889,634.477777777778,584.727777777778,171.733333333333,0,9,35,True,True,False
2020-02-12 03:00:00+01:00,20.6123888888889,58.9631666666667,46.5722222222222,518.188888888889,524.922222222222,695.011111111111,634.844444444444,585.15,164.372222222222,0,9,35,True,True,False
2020-02-12 04:00:00+01:00,20.8088950276243,57.8762983425414,46.3977900552486,518.027624309392,522.39226519337,694.801104972376,635.397790055249,585.408839779006,168.408839779006,0,9,35,True,True,False
2020-02-12 05:00:00+01:00,20.5193888888889,59.145,45.3222222222222,518.155555555556,525.988888888889,696.644444444444,637.455555555556,588.438888888889,162.077777777778,0,9,35,True,True,False
2020-02-12 06:00:00+01:00,20.7631666666667,57.648,45.9444444444444,518.327777777778,523.738888888889,696.555555555556,637.177777777778,587.644444444444,164.177777777778,0,9,35,True,True,False
2020-02-12 07:00:00+01:00,20.4620555555556,58.8683333333333,44.9777777777778,518.238888888889,527.055555555556,698.45,639.483333333333,591.444444444445,159.083333333333,0,9,35,True,True,False
2020-02-12 08:00:00+01:00,20.6539444444444,57.8142222222222,45.7944444444444,518.327777777778,524.561111111111,698.183333333333,639.177777777778,590.661111111111,161.85,0,9,35,True,True,False
2020-02-12 09:00:00+01:00,20.4772777777778,58.4656111111111,45.1944444444444,518.444444444445,526.777777777778,699.433333333333,640.333333333333,593.205555555556,157.472222222222,0,9,35,True,True,False
2020-02-12 10:00:00+01:00,20.6110555555556,57.8898333333333,44.2166666666667,518.127777777778,525.511111111111,699.983333333333,641.322222222222,593.633333333333,159.933333333333,0,9,35,True,True,False
2020-02-12 11:00:00+01:00,20.4540555555556,58.4134444444444,44.5666666666667,518.044444444445,525.244444444444,697.616666666667,638.627777777778,590.316666666667,157.816666666667,0,9,35,True,True,False
2020-02-12 12:00:00+01:00,20.5771111111111,58.4759444444444,43.7055555555556,517.983333333333,524.327777777778,697.411111111111,639.066666666667,590.255555555556,163.133333333333,0,9,35,True,True,False
2020-02-12 13:00:00+01:00,20.3961111111111,58.8217222222222,44.4055555555556,518.133333333333,523.55,696.027777777778,637.444444444445,588.133333333333,160.733333333333,0,9,35,True,True,False
2020-02-12 14:00:00+01:00,20.5812777777778,58.6965,43.5944444444444,517.9,521.288888888889,693.172222222222,635.322222222222,583.366666666667,173.677777777778,0,9,35,True,True,False
2020-02-12 15:00:00+01:00,20.644,57.5018888888889,43.9611111111111,517.722222222222,528.872222222222,699.188888888889,642.538888888889,589.705555555556,164.855555555556,0,9,35,True,True,False
2020-02-12 16:00:00+01:00,20.5374444444444,58.6,42.0888888888889,518.538888888889,531.444444444445,699.527777777778,643.177777777778,591.977777777778,158.894444444444,0,9,35,True,True,False
2020-02-12 17:00:00+01:00,20.5518333333333,58.3784444444445,42.5888888888889,518.35,527.888888888889,696.711111111111,639.927777777778,587.377777777778,160.972222222222,0,9,35,True,True,False
2020-02-12 18:00:00+01:00,20.4617222222222,58.9397777777778,42.1722222222222,518.105555555556,528.277777777778,696.116666666667,639.238888888889,587.6,164.188888888889,0,9,35,True,True,False
2020-02-12 19:00:00+01:00,20.547,58.5948888888889,42.3222222222222,518.022222222222,526.577777777778,695.811111111111,639.266666666667,586.344444444444,167.8,0,9,35,True,True,False
2020-02-12 20:00:00+01:00,20.3999444444444,59.0257777777778,42.6833333333333,517.722222222222,526.988888888889,694.566666666667,637.433333333333,585.022222222222,170.272222222222,0,9,35,True,True,False
2020-02-12 21:00:00+01:00,20.5713888888889,58.5216111111111,42.3333333333333,518.016666666667,527.094444444444,696.605555555556,639.966666666667,587.75,168.544444444444,0,9,35,True,True,False
2020-02-12 22:00:00+01:00,20.509,58.4826666666667,42.2611111111111,518.088888888889,527.605555555556,696.794444444445,639.627777777778,588.394444444444,162.905555555556,0,9,35,True,True,False
2020-02-12 23:00:00+01:00,20.5843888888889,58.4915555555556,41.7722222222222,518.111111111111,527.466666666667,698.616666666667,641.994444444444,590.633333333333,162.766666666667,0,9,35,True,True,False
2020-02-13 00:00:00+01:00,20.4427222222222,58.5731666666667,42.8555555555556,518.45,527.561111111111,698.594444444444,641.705555555556,590.494444444444,158.555555555556,0,9,35,True,True,False
2020-02-13 01:00:00+01:00,20.5552222222222,58.5687777777778,41.0833333333333,518.505555555556,527.372222222222,698.955555555556,642.211111111111,591.677777777778,158.777777777778,0,9,35,True,True,False
2020-02-13 02:00:00+01:00,20.4826666666667,58.4953333333333,41.8055555555556,518.227777777778,526.377777777778,698.861111111111,642.116666666667,590.95,156.788888888889,0,9,35,True,True,False
2020-02-13 03:00:00+01:00,20.4695,58.6912222222222,41.9333333333333,518.294444444445,527.522222222222,699.305555555556,642.4,592.938888888889,154.95,0,9,35,True,True,False
2020-02-13 04:00:00+01:00,20.5190555555556,58.3482222222222,41.7166666666667,518.266666666667,527.155555555556,700.55,643.738888888889,593.677777777778,154.394444444444,0,9,35,True,True,False
2020-02-13 05:00:00+01:00,20.384,58.5311111111111,42.9388888888889,518.194444444445,528.866666666667,701.077777777778,644.316666666667,595.661111111111,150.444444444444,0,9,35,True,True,False
2020-02-13 06:00:00+01:00,20.449,58.4001111111111,42.75,518.161111111111,529.3,703.122222222222,646.594444444444,598.577777777778,150.938888888889,0,9,35,True,True,False
2020-02-13 07:00:00+01:00,20.2752222222222,58.4411666666667,43.2333333333333,518.155555555556,528.961111111111,703.366666666667,646.855555555556,599.111111111111,148.238888888889,0,9,35,True,True,False
2020-02-13 08:00:00+01:00,20.3415,58.2527777777778,42.8833333333333,518.011111111111,530.033333333333,704.35,647.744444444444,600.761111111111,149.438888888889,0,9,35,True,True,False
2020-02-13 09:00:00+01:00,20.3961666666667,57.8062222222222,42.9888888888889,518.072222222222,530.455555555556,705.305555555556,649.083333333333,601.194444444445,148.75,0,9,35,True,True,False
2020-02-13 10:00:00+01:00,20.3376111111111,57.9081111111111,43.65,518.077777777778,529.527777777778,702.811111111111,646.733333333333,597.183333333333,150.288888888889,0,9,35,True,True,False
2020-02-13 11:00:00+01:00,20.6257142857143,57.9098857142857,46.16,517.925714285714,525.782857142857,700.142857142857,643.165714285714,593.04,155.794285714286,0,9,35,True,True,False
